ID,Label
0.jpg,58
1.jpg,43
2.jpg,75
3.jpg,38
4.jpg,31
5.jpg,76
6.jpg,70
7.jpg,68
8.jpg,87
9.jpg,62
10.jpg,95
11.jpg,30
12.jpg,94
13.jpg,94
14.jpg,52
15.jpg,2
16.jpg,79
17.jpg,87
18.jpg,88
19.jpg,18
20.jpg,28
21.jpg,19
22.jpg,49
23.jpg,20
24.jpg,17
25.jpg,95
26.jpg,82
27.jpg,82
28.jpg,8
29.jpg,89
30.jpg,48
31.jpg,35
32.jpg,60
33.jpg,76
34.jpg,65
35.jpg,37
36.jpg,44
37.jpg,60
38.jpg,31
39.jpg,18
40.jpg,0
41.jpg,82
42.jpg,59
43.jpg,22
44.jpg,10
45.jpg,60
46.jpg,19
47.jpg,53
48.jpg,87
49.jpg,83
50.jpg,52
51.jpg,20
52.jpg,34
53.jpg,70
54.jpg,74
55.jpg,65
56.jpg,21
57.jpg,66
58.jpg,8
59.jpg,32
60.jpg,88
61.jpg,65
62.jpg,70
63.jpg,24
64.jpg,52
65.jpg,52
66.jpg,82
67.jpg,59
68.jpg,43
69.jpg,19
70.jpg,59
71.jpg,52
72.jpg,76
73.jpg,32
74.jpg,45
75.jpg,84
76.jpg,92
77.jpg,45
78.jpg,99
79.jpg,87
80.jpg,40
81.jpg,83
82.jpg,42
83.jpg,55
84.jpg,87
85.jpg,21
86.jpg,87
87.jpg,82
88.jpg,94
89.jpg,20
90.jpg,94
91.jpg,35
92.jpg,33
93.jpg,21
94.jpg,7
95.jpg,52
96.jpg,74
97.jpg,15
98.jpg,79
99.jpg,39
100.jpg,76
101.jpg,58
102.jpg,52
103.jpg,4
104.jpg,91
105.jpg,10
106.jpg,52
107.jpg,18
108.jpg,46
109.jpg,68
110.jpg,87
111.jpg,14
112.jpg,31
113.jpg,26
114.jpg,67
115.jpg,79
116.jpg,89
117.jpg,13
118.jpg,55
119.jpg,74
120.jpg,21
121.jpg,52
122.jpg,65
123.jpg,14
124.jpg,21
125.jpg,94
126.jpg,8
127.jpg,87
128.jpg,76
129.jpg,70
130.jpg,21
131.jpg,95
132.jpg,24
133.jpg,41
134.jpg,41
135.jpg,79
136.jpg,59
137.jpg,27
138.jpg,35
139.jpg,94
140.jpg,37
141.jpg,26
142.jpg,96
143.jpg,32
144.jpg,89
145.jpg,68
146.jpg,47
147.jpg,67
148.jpg,38
149.jpg,77
150.jpg,76
151.jpg,41
152.jpg,38
153.jpg,79
154.jpg,87
155.jpg,87
156.jpg,74
157.jpg,8
158.jpg,7
159.jpg,21
160.jpg,8
161.jpg,60
162.jpg,65
163.jpg,81
164.jpg,18
165.jpg,38
166.jpg,13
167.jpg,19
168.jpg,21
169.jpg,67
170.jpg,34
171.jpg,74
172.jpg,60
173.jpg,14
174.jpg,49
175.jpg,21
176.jpg,58
177.jpg,92
178.jpg,27
179.jpg,37
180.jpg,21
181.jpg,84
182.jpg,87
183.jpg,96
184.jpg,87
185.jpg,91
186.jpg,84
187.jpg,8
188.jpg,79
189.jpg,22
190.jpg,47
191.jpg,79
192.jpg,55
193.jpg,32
194.jpg,21
195.jpg,4
196.jpg,17
197.jpg,52
198.jpg,33
199.jpg,21
200.jpg,76
201.jpg,94
202.jpg,0
203.jpg,76
204.jpg,76
205.jpg,54
206.jpg,38
207.jpg,7
208.jpg,60
209.jpg,76
210.jpg,58
211.jpg,70
212.jpg,10
213.jpg,17
214.jpg,33
215.jpg,72
216.jpg,96
217.jpg,47
218.jpg,76
219.jpg,91
220.jpg,43
221.jpg,99
222.jpg,53
223.jpg,32
224.jpg,74
225.jpg,18
226.jpg,20
227.jpg,22
228.jpg,98
229.jpg,84
230.jpg,15
231.jpg,83
232.jpg,35
233.jpg,52
234.jpg,17
235.jpg,24
236.jpg,46
237.jpg,47
238.jpg,95
239.jpg,22
240.jpg,79
241.jpg,54
242.jpg,44
243.jpg,87
244.jpg,70
245.jpg,76
246.jpg,79
247.jpg,48
248.jpg,33
249.jpg,47
250.jpg,47
251.jpg,87
252.jpg,41
253.jpg,52
254.jpg,76
255.jpg,95
256.jpg,34
257.jpg,34
258.jpg,19
259.jpg,60
260.jpg,53
261.jpg,52
262.jpg,49
263.jpg,54
264.jpg,33
265.jpg,98
266.jpg,47
267.jpg,94
268.jpg,48
269.jpg,87
270.jpg,20
271.jpg,40
272.jpg,19
273.jpg,21
274.jpg,56
275.jpg,82
276.jpg,65
277.jpg,60
278.jpg,74
279.jpg,76
280.jpg,15
281.jpg,16
282.jpg,44
283.jpg,34
284.jpg,43
285.jpg,38
286.jpg,87
287.jpg,49
288.jpg,49
289.jpg,60
290.jpg,71
291.jpg,33
292.jpg,83
293.jpg,83
294.jpg,61
295.jpg,48
296.jpg,60
297.jpg,49
298.jpg,43
299.jpg,13
300.jpg,65
301.jpg,84
302.jpg,46
303.jpg,83
304.jpg,19
305.jpg,87
306.jpg,30
307.jpg,34
308.jpg,79
309.jpg,74
310.jpg,92
311.jpg,87
312.jpg,37
313.jpg,47
314.jpg,46
315.jpg,24
316.jpg,76
317.jpg,47
318.jpg,3
319.jpg,16
320.jpg,8
321.jpg,49
322.jpg,65
323.jpg,51
324.jpg,16
325.jpg,21
326.jpg,54
327.jpg,60
328.jpg,49
329.jpg,16
330.jpg,44
331.jpg,18
332.jpg,19
333.jpg,79
334.jpg,59
335.jpg,35
336.jpg,30
337.jpg,91
338.jpg,79
339.jpg,10
340.jpg,41
341.jpg,12
342.jpg,54
343.jpg,46
344.jpg,56
345.jpg,54
346.jpg,59
347.jpg,74
348.jpg,72
349.jpg,51
350.jpg,74
351.jpg,52
352.jpg,65
353.jpg,48
354.jpg,74
355.jpg,92
356.jpg,11
357.jpg,59
358.jpg,85
359.jpg,79
360.jpg,52
361.jpg,12
362.jpg,52
363.jpg,76
364.jpg,32
365.jpg,45
366.jpg,38
367.jpg,82
368.jpg,19
369.jpg,21
370.jpg,38
371.jpg,94
372.jpg,82
373.jpg,18
374.jpg,62
375.jpg,17
376.jpg,48
377.jpg,76
378.jpg,19
379.jpg,15
380.jpg,43
381.jpg,87
382.jpg,68
383.jpg,0
384.jpg,40
385.jpg,23
386.jpg,70
387.jpg,11
388.jpg,82
389.jpg,76
390.jpg,52
391.jpg,14
392.jpg,81
393.jpg,17
394.jpg,52
395.jpg,52
396.jpg,74
397.jpg,79
398.jpg,59
399.jpg,79
400.jpg,24
401.jpg,87
402.jpg,8
403.jpg,71
404.jpg,21
405.jpg,15
406.jpg,65
407.jpg,60
408.jpg,18
409.jpg,34
410.jpg,49
411.jpg,21
412.jpg,67
413.jpg,19
414.jpg,94
415.jpg,89
416.jpg,54
417.jpg,68
418.jpg,20
419.jpg,87
420.jpg,79
421.jpg,70
422.jpg,76
423.jpg,94
424.jpg,49
425.jpg,70
426.jpg,96
427.jpg,32
428.jpg,74
429.jpg,4
430.jpg,30
431.jpg,47
432.jpg,76
433.jpg,60
434.jpg,52
435.jpg,60
436.jpg,39
437.jpg,76
438.jpg,65
439.jpg,73
440.jpg,87
441.jpg,52
442.jpg,87
443.jpg,38
444.jpg,24
445.jpg,76
446.jpg,49
447.jpg,87
448.jpg,65
449.jpg,97
450.jpg,21
451.jpg,52
452.jpg,60
453.jpg,35
454.jpg,44
455.jpg,21
456.jpg,60
457.jpg,8
458.jpg,17
459.jpg,21
460.jpg,41
461.jpg,21
462.jpg,66
463.jpg,49
464.jpg,52
465.jpg,91
466.jpg,20
467.jpg,79
468.jpg,87
469.jpg,52
470.jpg,21
471.jpg,73
472.jpg,65
473.jpg,81
474.jpg,70
475.jpg,84
476.jpg,30
477.jpg,83
478.jpg,79
479.jpg,68
480.jpg,48
481.jpg,76
482.jpg,83
483.jpg,84
484.jpg,52
485.jpg,58
486.jpg,21
487.jpg,38
488.jpg,89
489.jpg,12
490.jpg,17
491.jpg,49
492.jpg,8
493.jpg,6
494.jpg,74
495.jpg,8
496.jpg,59
497.jpg,65
498.jpg,79
499.jpg,65
500.jpg,16
501.jpg,20
502.jpg,48
503.jpg,49
504.jpg,41
505.jpg,99
506.jpg,19
507.jpg,17
508.jpg,21
509.jpg,91
510.jpg,94
511.jpg,18
512.jpg,60
513.jpg,73
514.jpg,71
515.jpg,79
516.jpg,12
517.jpg,12
518.jpg,87
519.jpg,76
520.jpg,55
521.jpg,19
522.jpg,74
523.jpg,91
524.jpg,34
525.jpg,13
526.jpg,29
527.jpg,60
528.jpg,87
529.jpg,10
530.jpg,83
531.jpg,43
532.jpg,33
533.jpg,1
534.jpg,15
535.jpg,6
536.jpg,44
537.jpg,16
538.jpg,33
539.jpg,20
540.jpg,84
541.jpg,82
542.jpg,43
543.jpg,86
544.jpg,41
545.jpg,79
546.jpg,76
547.jpg,43
548.jpg,84
549.jpg,45
550.jpg,38
551.jpg,31
552.jpg,19
553.jpg,65
554.jpg,45
555.jpg,94
556.jpg,48
557.jpg,32
558.jpg,94
559.jpg,54
560.jpg,15
561.jpg,18
562.jpg,48
563.jpg,18
564.jpg,79
565.jpg,8
566.jpg,51
567.jpg,87
568.jpg,26
569.jpg,65
570.jpg,71
571.jpg,89
572.jpg,42
573.jpg,3
574.jpg,87
575.jpg,45
576.jpg,21
577.jpg,43
578.jpg,45
579.jpg,39
580.jpg,70
581.jpg,45
582.jpg,8
583.jpg,74
584.jpg,40
585.jpg,40
586.jpg,53
587.jpg,21
588.jpg,82
589.jpg,21
590.jpg,76
591.jpg,49
592.jpg,3
593.jpg,41
594.jpg,79
595.jpg,79
596.jpg,19
597.jpg,52
598.jpg,88
599.jpg,87
600.jpg,76
601.jpg,33
602.jpg,83
603.jpg,76
604.jpg,94
605.jpg,85
606.jpg,92
607.jpg,67
608.jpg,47
609.jpg,70
610.jpg,58
611.jpg,21
612.jpg,85
613.jpg,94
614.jpg,8
615.jpg,61
616.jpg,48
617.jpg,45
618.jpg,31
619.jpg,82
620.jpg,82
621.jpg,90
622.jpg,70
623.jpg,27
624.jpg,70
625.jpg,8
626.jpg,87
627.jpg,52
628.jpg,89
629.jpg,34
630.jpg,47
631.jpg,3
632.jpg,96
633.jpg,76
634.jpg,94
635.jpg,32
636.jpg,70
637.jpg,41
638.jpg,21
639.jpg,29
640.jpg,24
641.jpg,94
642.jpg,18
643.jpg,46
644.jpg,52
645.jpg,21
646.jpg,67
647.jpg,49
648.jpg,8
649.jpg,95
650.jpg,33
651.jpg,47
652.jpg,96
653.jpg,91
654.jpg,91
655.jpg,20
656.jpg,94
657.jpg,60
658.jpg,21
659.jpg,43
660.jpg,96
661.jpg,34
662.jpg,15
663.jpg,45
664.jpg,97
665.jpg,49
666.jpg,31
667.jpg,21
668.jpg,49
669.jpg,38
670.jpg,21
671.jpg,17
672.jpg,15
673.jpg,23
674.jpg,19
675.jpg,30
676.jpg,47
677.jpg,61
678.jpg,20
679.jpg,21
680.jpg,70
681.jpg,91
682.jpg,3
683.jpg,21
684.jpg,34
685.jpg,79
686.jpg,61
687.jpg,85
688.jpg,89
689.jpg,21
690.jpg,94
691.jpg,74
692.jpg,59
693.jpg,38
694.jpg,33
695.jpg,52
696.jpg,87
697.jpg,37
698.jpg,22
699.jpg,79
700.jpg,79
701.jpg,16
702.jpg,79
703.jpg,49
704.jpg,53
705.jpg,18
706.jpg,45
707.jpg,48
708.jpg,21
709.jpg,52
710.jpg,49
711.jpg,52
712.jpg,74
713.jpg,97
714.jpg,94
715.jpg,52
716.jpg,35
717.jpg,46
718.jpg,52
719.jpg,45
720.jpg,37
721.jpg,91
722.jpg,60
723.jpg,37
724.jpg,67
725.jpg,76
726.jpg,18
727.jpg,94
728.jpg,41
729.jpg,42
730.jpg,94
731.jpg,54
732.jpg,21
733.jpg,79
734.jpg,74
735.jpg,95
736.jpg,7
737.jpg,8
738.jpg,65
739.jpg,26
740.jpg,21
741.jpg,92
742.jpg,60
743.jpg,89
744.jpg,44
745.jpg,79
746.jpg,52
747.jpg,20
748.jpg,69
749.jpg,52
750.jpg,52
751.jpg,66
752.jpg,94
753.jpg,67
754.jpg,32
755.jpg,82
756.jpg,84
757.jpg,87
758.jpg,82
759.jpg,46
760.jpg,48
761.jpg,74
762.jpg,52
763.jpg,21
764.jpg,91
765.jpg,32
766.jpg,18
767.jpg,48
768.jpg,89
769.jpg,20
770.jpg,22
771.jpg,26
772.jpg,65
773.jpg,56
774.jpg,82
775.jpg,17
776.jpg,52
777.jpg,78
778.jpg,22
779.jpg,52
780.jpg,92
781.jpg,47
782.jpg,91
783.jpg,52
784.jpg,21
785.jpg,53
786.jpg,24
787.jpg,77
788.jpg,21
789.jpg,6
790.jpg,65
791.jpg,67
792.jpg,66
793.jpg,67
794.jpg,22
795.jpg,40
796.jpg,60
797.jpg,19
798.jpg,13
799.jpg,91
800.jpg,32
801.jpg,79
802.jpg,79
803.jpg,20
804.jpg,58
805.jpg,35
806.jpg,68
807.jpg,52
808.jpg,76
809.jpg,14
810.jpg,43
811.jpg,16
812.jpg,92
813.jpg,51
814.jpg,52
815.jpg,37
816.jpg,0
817.jpg,30
818.jpg,49
819.jpg,19
820.jpg,24
821.jpg,34
822.jpg,43
823.jpg,38
824.jpg,12
825.jpg,82
826.jpg,43
827.jpg,65
828.jpg,21
829.jpg,14
830.jpg,53
831.jpg,23
832.jpg,52
833.jpg,21
834.jpg,17
835.jpg,65
836.jpg,89
837.jpg,84
838.jpg,92
839.jpg,3
840.jpg,32
841.jpg,55
842.jpg,70
843.jpg,96
844.jpg,33
845.jpg,17
846.jpg,74
847.jpg,49
848.jpg,20
849.jpg,26
850.jpg,65
851.jpg,17
852.jpg,52
853.jpg,52
854.jpg,24
855.jpg,87
856.jpg,94
857.jpg,49
858.jpg,8
859.jpg,87
860.jpg,87
861.jpg,58
862.jpg,48
863.jpg,34
864.jpg,24
865.jpg,21
866.jpg,58
867.jpg,52
868.jpg,28
869.jpg,76
870.jpg,79
871.jpg,26
872.jpg,60
873.jpg,60
874.jpg,60
875.jpg,14
876.jpg,76
877.jpg,87
878.jpg,49
879.jpg,26
880.jpg,18
881.jpg,93
882.jpg,65
883.jpg,71
884.jpg,48
885.jpg,87
886.jpg,21
887.jpg,81
888.jpg,21
889.jpg,41
890.jpg,7
891.jpg,79
892.jpg,48
893.jpg,60
894.jpg,42
895.jpg,42
896.jpg,79
897.jpg,91
898.jpg,52
899.jpg,87
900.jpg,22
901.jpg,21
902.jpg,21
903.jpg,76
904.jpg,4
905.jpg,52
906.jpg,12
907.jpg,52
908.jpg,17
909.jpg,87
910.jpg,45
911.jpg,87
912.jpg,35
913.jpg,94
914.jpg,8
915.jpg,96
916.jpg,52
917.jpg,12
918.jpg,67
919.jpg,11
920.jpg,55
921.jpg,60
922.jpg,81
923.jpg,60
924.jpg,0
925.jpg,65
926.jpg,44
927.jpg,21
928.jpg,52
929.jpg,83
930.jpg,13
931.jpg,27
932.jpg,26
933.jpg,4
934.jpg,61
935.jpg,79
936.jpg,22
937.jpg,48
938.jpg,43
939.jpg,74
940.jpg,76
941.jpg,48
942.jpg,39
943.jpg,52
944.jpg,45
945.jpg,76
946.jpg,87
947.jpg,72
948.jpg,49
949.jpg,14
950.jpg,95
951.jpg,40
952.jpg,15
953.jpg,39
954.jpg,53
955.jpg,45
956.jpg,89
957.jpg,51
958.jpg,20
959.jpg,2
960.jpg,10
961.jpg,94
962.jpg,87
963.jpg,20
964.jpg,42
965.jpg,14
966.jpg,10
967.jpg,32
968.jpg,76
969.jpg,23
970.jpg,35
971.jpg,35
972.jpg,71
973.jpg,58
974.jpg,74
975.jpg,18
976.jpg,79
977.jpg,74
978.jpg,34
979.jpg,94
980.jpg,0
981.jpg,24
982.jpg,91
983.jpg,95
984.jpg,48
985.jpg,12
986.jpg,87
987.jpg,41
988.jpg,6
989.jpg,60
990.jpg,7
991.jpg,74
992.jpg,14
993.jpg,85
994.jpg,46
995.jpg,84
996.jpg,15
997.jpg,46
998.jpg,52
999.jpg,48
1000.jpg,76
1001.jpg,19
1002.jpg,32
1003.jpg,61
1004.jpg,74
1005.jpg,52
1006.jpg,87
1007.jpg,56
1008.jpg,43
1009.jpg,21
1010.jpg,79
1011.jpg,91
1012.jpg,74
1013.jpg,49
1014.jpg,87
1015.jpg,76
1016.jpg,44
1017.jpg,94
1018.jpg,56
1019.jpg,49
1020.jpg,30
1021.jpg,59
1022.jpg,31
1023.jpg,65
1024.jpg,26
1025.jpg,14
1026.jpg,30
1027.jpg,60
1028.jpg,24
1029.jpg,60
1030.jpg,55
1031.jpg,68
1032.jpg,60
1033.jpg,91
1034.jpg,84
1035.jpg,60
